alamance;center;*
alexander;center;*
alleghany;west;*
anson;center;*
ashe;west;*
avery;west;*
beaufort;east;*
bertie;east;*
bladen;east;*
brunswick;east;*
buncombe;west;*
burke;west;*
cabarrus;center;*
caldwell;west;*
camden;east;*
carteret;east;*
caswell;center;*
catawba;center;*
chatham;center;*
cherokee;west;*
chowan;east;*
clay;west;*
cleveland;center;*
columbus;east;*
craven;east;*
cumberland;east;*
currituck;east;*
dare;east;*
davidson;center;*
davie;center;*
duplin;east;*
durham;center;*
edgecombe;east;*
forsyth;center;*
franklin;center;*
gaston;center;*
gates;east;*
graham;west;*
granville;center;*
greene;east;*
guilford;center;*
halifax;east;*
harnett;center;*
haywood;west;*
henderson;west;*
hertford;east;*
hoke;east;*
hyde;east;*
iredell;center;*
jackson;west;*
johnston;center;*
jones;east;*
lee;center;*
lenoir;east;*
lincoln;center;*
macon;west;*
madison;west;*
martin;east;*
mcdowell;west;*
mecklenburg;center;*
mitchell;west;*
montgomery;center;*
moore;center;*
nash;east;*
new hanover;east;*
northampton;east;*
onslow;east;*
orange;center;*
pamlico;east;*
pasquotank;east;*
pender;east;*
perquimans;east;*
person;center;*
pitt;east;*
polk;west;*
randolph;center;*
richmond;center;*
robeson;east;*
rockingham;center;*
rowan;center;*
rutherford;west;*
sampson;east;*
scotland;east;*
stanly;center;*
stokes;center;*
surry;center;*
swain;west;*
transylvania;west;*
tyrrell;east;*
union;center;*
vance;center;*
wake;center;*
warren;center;*
washington;east;*
watauga;west;*
wayne;east;*
wilkes;center;*
wilson;east;*
yadkin;center;*
yancey;west;*
