aberdeen;*
ahoskie;*
albemarle;*
alexander;*
alliance;*
andrews;*
angier;*
apex;*
arden;*
ash;*
asheville;*
atkinson;*
atlantic;*
atlantic beach;*
aulander;*
aurora;*
autryville;*
ayden;*
bailey;*
bakersville;*
balsam;*
balsam grove;*
banner elk;*
barnardsville;*
battleboro;*
bayboro;*
bear creek;*
beaufort;*
belhaven;*
belvidere;*
benson;*
bermuda run;*
bethel;*
beulaville;*
biscoe;*
black mountain;*
bladenboro;*
blowing rock;*
boiling spring lakes;*
bolivia;*
bolton;*
boomer;*
boone;*
boonville;*
bostic;*
brasstown;*
brevard;*
broadway;*
bryson city;*
bunnlevel;*
burgaw;*
burlington;*
burnsville;*
buxton;*
calabash;*
calypso;*
cameron;*
camp lejeune;*
candler;*
candor;*
canton;*
cape carteret;*
carolina beach;*
carolina shores;*
carthage;*
cary;*
cashiers;*
castalia;*
castle hayne;*
catawba;*
cedar point;*
cerro gordo;*
chadbourn;*
chapel hill;*
charlotte;*
cherokee;*
cherryville;*
chinquapin;*
claremont;*
clarendon;*
clarkton;*
clayton;*
clemmons;*
clinton;*
clyde;*
coats;*
collettsville;*
columbia;*
columbus;*
concord;*
conetoe;*
connelly springs;*
conover;*
conway;*
cornelius;*
council;*
cove city;*
creswell;*
crouse;*
crumpler;*
cullowhee;*
currie;*
davidson;*
deep gap;*
deep run;*
delco;*
denver;*
dillsboro;*
dobson;*
dover;*
drexel;*
dublin;*
dudley;*
dunn;*
durham;*
eagle springs;*
east bend;*
east flat rock;*
east spencer;*
eastover;*
eden;*
edenton;*
elizabeth city;*
elizabethtown;*
elkin;*
ellenboro;*
ellerbe;*
elm city;*
elon;*
emerald isle;*
ernul;*
erwin;*
etowah;*
fair bluff;*
fairfield;*
fairmont;*
fairview;*
faison;*
falcon;*
fallston;*
farmville;*
fayetteville;*
flat rock;*
fleetwood;*
fletcher;*
forest city;*
fort bragg;*
four oaks;*
foxfire village;*
franklin;*
fremont;*
fuquay varina;*
garland;*
garner;*
garysburg;*
gaston;*
germanton;*
gibsonville;*
glade valley;*
glen alpine;*
gloucester;*
godwin;*
goldsboro;*
goldston;*
graham;*
granite falls;*
grantsboro;*
grassy creek;*
green mountain;*
greenville;*
grifton;*
grover;*
hallsboro;*
hamlet;*
hampstead;*
hamptonville;*
harrells;*
harrisburg;*
havelock;*
haw river;*
hays;*
henderson;*
hendersonville;*
henrico;*
hertford;*
hickory;*
hiddenite;*
highlands;*
hildebran;*
hillsborough;*
hoffman;*
holly ridge;*
holly springs;*
hope mills;*
horse shoe;*
hot springs;*
hubert;*
hudson;*
huntersville;*
iron station;*
jackson;*
jackson springs;*
jacksonville;*
jamesville;*
jefferson;*
jonesville;*
kannapolis;*
kenansville;*
kenly;*
kernersville;*
kill devil hills;*
king;*
kings mountain;*
kinston;*
kittrell;*
kitty hawk;*
knotts island;*
kure beach;*
la grange;*
lagrange;*
lake lure;*
lake toxaway;*
lake waccamaw;*
lansing;*
laurel hill;*
laurel springs;*
laurinburg;*
lawndale;*
leicester;*
leland;*
lenoir;*
lewiston woodville;*
lewisville;*
liberty;*
lillington;*
lincolnton;*
linden;*
littleton;*
locust;*
lucama;*
lumber bridge;*
lumberton;*
macclesfield;*
macon;*
madison;*
maggie valley;*
magnolia;*
maiden;*
manson;*
manteo;*
maple hill;*
marble;*
margarettsville;*
marion;*
mars hill;*
marshall;*
marshallberg;*
marston;*
matthews;*
maxton;*
mayodan;*
maysville;*
mcgrady;*
mebane;*
middlesex;*
midland;*
midway park;*
mill spring;*
millers creek;*
mills river;*
misenheimer;*
moncure;*
mooresboro;*
moravian falls;*
morehead city;*
morganton;*
morrisville;*
mount airy;*
mount pleasant;*
moyock;*
mt gilead;*
mt olive;*
mt pleasant;*
murfreesboro;*
murphy;*
nashville;*
nebo;*
new bern;*
new london;*
newland;*
newport;*
newton;*
newton grove;*
norlina;*
norman;*
north topsail beach;*
north wilkesboro;*
norwood;*
oak city;*
oak island;*
oakboro;*
ocean isle beach;*
ocracoke;*
old fort;*
oriental;*
otto;*
parkton;*
peletier;*
pelham;*
pembroke;*
penrose;*
pfafftown;*
pikeville;*
pilot mountain;*
pilot mtn ;*
pine knoll shores;*
pine level;*
pinebluff;*
pinehurst;*
pinetops;*
pineville;*
pink hill;*
pinnacle;*
pisgah forest;*
pittsboro;*
pleasant hill;*
plymouth;*
pollocksville;*
potecasi;*
princeton;*
providence;*
raeford;*
raleigh;*
ramseur;*
red springs;*
reidsville;*
rhodhiss;*
richfield;*
richlands;*
riegelwood;*
roaring river;*
robbins;*
robersonville;*
rockingham;*
rockwell;*
rocky mount;*
rocky point;*
rodanthe;*
ronda;*
rose hill;*
roseboro;*
rosman;*
rougemont;*
rowland;*
roxboro;*
rural hall;*
rutherford college;*
rutherfordton;*
salemburg;*
salisbury;*
saluda;*
sandy ridge;*
sanford;*
sapphire;*
seaboard;*
seagrove;*
selma;*
seven lakes;*
seven springs;*
shallotte;*
shann0n;*
shannon;*
sharpsburg;*
shawboro;*
shelby;*
sherrills ford;*
siler city;*
sims;*
smithfield;*
sneads ferry;*
snow camp;*
southern pines;*
southport;*
sparta;*
spindale;*
spring hope;*
spring lake;*
spruce pine;*
st pauls;*
stanfield;*
stanley;*
state road;*
stedman;*
stella;*
stokesdale;*
stoneville;*
stony point;*
sugar grove;*
sunset beach;*
supply;*
surf city;*
swan quarter;*
swannanoa;*
swansboro;*
sylva;*
tabor city;*
tar heel;*
tarawa terrace;*
tarboro;*
taylorsville;*
taylortown;*
teachey;*
tobaccoville;*
topton;*
trenton;*
troy;*
tryon;*
tyner;*
union mills;*
valdese;*
vale;*
vanceboro;*
vass;*
vilas;*
wagram;*
walkertown;*
wallace;*
walstonburg;*
warrenton;*
warsaw;*
washington;*
waynesville;*
weaverville;*
wendell;*
west end;*
west jefferson;*
westfield;*
whispering pines;*
whitakers;*
white oak;*
whiteville;*
whittier;*
wilkesboro;*
willard;*
williamston;*
willow springs;*
wilmington;*
wilson;*
windsor;*
winnabow;*
winston salem;*
winterville;*
winton;*
woodlake;*
woodland;*
wrightsville beach;*
yadkinville;*
yanceyville;*
zebulon;*
zionville;*
zirconia;*
